{
  "epoch": [
    1,
    2,
    3
  ],
  "train_loss": [
    0.41756763281941145,
    0.003641826406077713,
    0.0002572141939506676
  ],
  "val_loss": [
    0.010646586289215656,
    0.0003532642709081159,
    0.00013593083160553523
  ],
  "val_acc": [
    1.0,
    1.0,
    1.0
  ]
}