{
  "epoch": [
    1,
    2,
    3
  ],
  "train_loss": [
    0.6185889142442583,
    0.04749267486072636,
    0.0027765866232742718
  ],
  "val_loss": [
    0.14099194259248923,
    0.0054993131510387904,
    0.0011551913890125378
  ],
  "val_acc": [
    0.9296636085626911,
    1.0,
    1.0
  ]
}