{
  "epoch": [
    1,
    2,
    3
  ],
  "train_loss": [
    0.26094599662586776,
    0.0003919872737346845,
    9.826587736018943e-05
  ],
  "val_loss": [
    0.0008492102254947879,
    0.00013621687627520657,
    4.2871450636090336e-05
  ],
  "val_acc": [
    1.0,
    1.0,
    1.0
  ]
}