{
  "epoch": [
    1,
    2,
    3
  ],
  "train_loss": [
    0.42202356052973433,
    0.006592039235425523,
    0.0005417464248097913
  ],
  "val_loss": [
    0.05746066061650269,
    0.0007320769877781428,
    0.00023428441095806727
  ],
  "val_acc": [
    0.9785932721712538,
    1.0,
    1.0
  ]
}